{"homework":0.8242277130952039,"final":0.9508619251598421,"midterm":0.7966252287352891}
